-- MySQL dump 10.16  Distrib 10.1.43-MariaDB, for Linux (x86_64)
--
-- Host: localhost    Database: cayetano
-- ------------------------------------------------------
-- Server version	10.1.43-MariaDB

/*!40101 SET @OLD_CHARACTER_SET_CLIENT=@@CHARACTER_SET_CLIENT */;
/*!40101 SET @OLD_CHARACTER_SET_RESULTS=@@CHARACTER_SET_RESULTS */;
/*!40101 SET @OLD_COLLATION_CONNECTION=@@COLLATION_CONNECTION */;
/*!40101 SET NAMES utf8 */;
/*!40103 SET @OLD_TIME_ZONE=@@TIME_ZONE */;
/*!40103 SET TIME_ZONE='+00:00' */;
/*!40014 SET @OLD_UNIQUE_CHECKS=@@UNIQUE_CHECKS, UNIQUE_CHECKS=0 */;
/*!40014 SET @OLD_FOREIGN_KEY_CHECKS=@@FOREIGN_KEY_CHECKS, FOREIGN_KEY_CHECKS=0 */;
/*!40101 SET @OLD_SQL_MODE=@@SQL_MODE, SQL_MODE='NO_AUTO_VALUE_ON_ZERO' */;
/*!40111 SET @OLD_SQL_NOTES=@@SQL_NOTES, SQL_NOTES=0 */;

--
-- Table structure for table `formulario`
--

DROP TABLE IF EXISTS `formulario`;
/*!40101 SET @saved_cs_client     = @@character_set_client */;
/*!40101 SET character_set_client = utf8 */;
CREATE TABLE `formulario` (
  `id` int(11) NOT NULL AUTO_INCREMENT,
  `nombre` varchar(100) NOT NULL,
  `tipo` varchar(20) DEFAULT NULL,
  PRIMARY KEY (`id`)
) ENGINE=InnoDB AUTO_INCREMENT=4 DEFAULT CHARSET=latin1;
/*!40101 SET character_set_client = @saved_cs_client */;

--
-- Dumping data for table `formulario`
--

LOCK TABLES `formulario` WRITE;
/*!40000 ALTER TABLE `formulario` DISABLE KEYS */;
INSERT INTO `formulario` VALUES (1,'Cuestionario Iniciales','INICIAL'),(2,'Cuestionario Diario','DIARIO'),(3,'Cuestionario Adicional','ADICIONAL');
/*!40000 ALTER TABLE `formulario` ENABLE KEYS */;
UNLOCK TABLES;

--
-- Table structure for table `formulario_pregunta`
--

DROP TABLE IF EXISTS `formulario_pregunta`;
/*!40101 SET @saved_cs_client     = @@character_set_client */;
/*!40101 SET character_set_client = utf8 */;
CREATE TABLE `formulario_pregunta` (
  `formulario_id` int(11) NOT NULL,
  `pregunta_id` int(11) NOT NULL,
  `orden` int(11) NOT NULL,
  PRIMARY KEY (`formulario_id`,`pregunta_id`)
) ENGINE=InnoDB DEFAULT CHARSET=latin1;
/*!40101 SET character_set_client = @saved_cs_client */;

--
-- Dumping data for table `formulario_pregunta`
--

LOCK TABLES `formulario_pregunta` WRITE;
/*!40000 ALTER TABLE `formulario_pregunta` DISABLE KEYS */;
INSERT INTO `formulario_pregunta` VALUES (1,1,0),(1,2,0),(1,3,0),(1,4,0),(1,5,0),(1,6,0),(1,7,0),(2,8,0),(2,9,0),(2,10,0),(2,11,0),(3,18,0),(3,19,0),(3,20,0),(3,21,0),(3,22,0),(3,23,0);
/*!40000 ALTER TABLE `formulario_pregunta` ENABLE KEYS */;
UNLOCK TABLES;

--
-- Table structure for table `llamada`
--

DROP TABLE IF EXISTS `llamada`;
/*!40101 SET @saved_cs_client     = @@character_set_client */;
/*!40101 SET character_set_client = utf8 */;
CREATE TABLE `llamada` (
  `id` int(11) NOT NULL AUTO_INCREMENT,
  `paciente_id` int(11) NOT NULL,
  `numero` varchar(30) NOT NULL,
  `desde` datetime DEFAULT NULL,
  `hasta` datetime DEFAULT NULL,
  `estado` varchar(50) DEFAULT NULL,
  `created_on` timestamp NOT NULL DEFAULT CURRENT_TIMESTAMP,
  `created_by` int(11) DEFAULT NULL,
  PRIMARY KEY (`id`)
) ENGINE=InnoDB DEFAULT CHARSET=latin1;
/*!40101 SET character_set_client = @saved_cs_client */;

--
-- Dumping data for table `llamada`
--

LOCK TABLES `llamada` WRITE;
/*!40000 ALTER TABLE `llamada` DISABLE KEYS */;
/*!40000 ALTER TABLE `llamada` ENABLE KEYS */;
UNLOCK TABLES;

--
-- Table structure for table `nota`
--

DROP TABLE IF EXISTS `nota`;
/*!40101 SET @saved_cs_client     = @@character_set_client */;
/*!40101 SET character_set_client = utf8 */;
CREATE TABLE `nota` (
  `id` int(11) NOT NULL AUTO_INCREMENT,
  `usuario_id` int(11) NOT NULL,
  `texto` text NOT NULL,
  `created_on` timestamp NOT NULL DEFAULT CURRENT_TIMESTAMP,
  `created_by` int(11) NOT NULL,
  PRIMARY KEY (`id`)
) ENGINE=InnoDB DEFAULT CHARSET=latin1;
/*!40101 SET character_set_client = @saved_cs_client */;

--
-- Dumping data for table `nota`
--

LOCK TABLES `nota` WRITE;
/*!40000 ALTER TABLE `nota` DISABLE KEYS */;
/*!40000 ALTER TABLE `nota` ENABLE KEYS */;
UNLOCK TABLES;

--
-- Table structure for table `opcion`
--

DROP TABLE IF EXISTS `opcion`;
/*!40101 SET @saved_cs_client     = @@character_set_client */;
/*!40101 SET character_set_client = utf8 */;
CREATE TABLE `opcion` (
  `id` int(11) NOT NULL AUTO_INCREMENT,
  `pregunta_id` int(11) NOT NULL,
  `texto` varchar(100) DEFAULT NULL,
  PRIMARY KEY (`id`)
) ENGINE=InnoDB DEFAULT CHARSET=latin1;
/*!40101 SET character_set_client = @saved_cs_client */;

--
-- Dumping data for table `opcion`
--

LOCK TABLES `opcion` WRITE;
/*!40000 ALTER TABLE `opcion` DISABLE KEYS */;
/*!40000 ALTER TABLE `opcion` ENABLE KEYS */;
UNLOCK TABLES;

--
-- Table structure for table `paciente`
--

DROP TABLE IF EXISTS `paciente`;
/*!40101 SET @saved_cs_client     = @@character_set_client */;
/*!40101 SET character_set_client = utf8 */;
CREATE TABLE `paciente` (
  `id` int(11) NOT NULL AUTO_INCREMENT,
  `documento_tipo` varchar(20) NOT NULL,
  `documento_numero` varchar(25) NOT NULL,
  `nombres` varchar(100) NOT NULL,
  `apellidos` varchar(200) DEFAULT NULL,
  `direccion` varchar(250) DEFAULT NULL,
  `telefono1` varchar(20) DEFAULT NULL,
  `fecha_atencion` datetime DEFAULT NULL,
  `edad` int(3) DEFAULT NULL,
  `sexo` char(1) DEFAULT NULL,
  `pais_infeccion` varchar(100) DEFAULT NULL,
  `provincia_actual` varchar(100) DEFAULT NULL,
  `distrito_actual` varchar(100) DEFAULT NULL,
  `direccion_actual` varchar(100) DEFAULT NULL,
  `inicio_sintomas` datetime DEFAULT NULL,
  `clasificacion` varchar(100) DEFAULT NULL,
  `destino` varchar(100) DEFAULT NULL,
  `destino_lugar` varchar(200) DEFAULT NULL,
  `notas` text,
  PRIMARY KEY (`id`)
) ENGINE=InnoDB AUTO_INCREMENT=25 DEFAULT CHARSET=latin1;
/*!40101 SET character_set_client = @saved_cs_client */;

--
-- Dumping data for table `paciente`
--

LOCK TABLES `paciente` WRITE;
/*!40000 ALTER TABLE `paciente` DISABLE KEYS */;
INSERT INTO `paciente` VALUES (1,'DNI','41350089','Webb Camminati Camille',NULL,NULL,'952388777','2020-04-20 00:00:00',59,'F','na','na','na','na','2020-04-09 00:00:00','CONFIRMADO','ALTA','SU CASA','MUESTRA 1 (20/04/2020)\r\nP. rapida =&gt; Negativo\r\nMUESTRA 2 (20/04/2020)\r\nHISOPADO NASOFARINGEO Y OROFARINGEO =&gt; Negativo\r\nMUESTRA 3 (16/04/2020)\r\nP. rapida =&gt; REACTIVO\r\nEVOLUCION 1: sin factores de riesgo, solo tos y dolor de garganta'),(2,'DNI','35784465','La Rosa Ubillas, Mauricio',NULL,NULL,'941055623','2020-04-20 19:00:00',54,'M','na','na','na','na','2020-04-14 19:00:00','CONFIRMADO','ALTA','SU CASA','MUESTRA 1 (20/04/2020)\nP. rapida => REACTIVO\nMUESTRA 2 (20/04/2020)\n => \nEVOLUCION 1: sin factores de riesgo, con falta de aire'),(3,'DNI','11008823','Otero Vegas, Larissa',NULL,NULL,'940709888','2020-04-20 19:00:00',38,'F','na','na','na','na','2020-04-04 19:00:00','SOSPECHOSO','ALTA','SU CASA','MUESTRA 1 (20/04/2020)\nP. rapida => Negativo\nMUESTRA 2 (20/04/2020)\n => \nEVOLUCION 1: Trabajador de salud con sintomas sin factores de riesgo'),(4,'DNI','39847626','Gonzalez Lagos, Elsa',NULL,NULL,'993404379','2020-04-20 19:00:00',81,'F','na','na','na','na','2020-04-08 19:00:00','SOSPECHOSO','ALTA','SU CASA','MUESTRA 1 (20/04/2020)\nP. rapida => Negativo\nMUESTRA 2 (20/04/2020)\nHISOPADO NASOFARINGEO Y OROFARINGEO => PENDIENTE\nEVOLUCION 1: Diabetico, hipertenso, con sintomas, sin disnea'),(5,'DNI','32870098','Menacho Alvirio, Luis',NULL,NULL,'991671979','2020-04-20 19:00:00',74,'M','na','na','na','na','2020-04-13 19:00:00','SOSPECHOSO','ALTA','SU CASA','MUESTRA 1 (20/04/2020)\np rapida => negativo\nMUESTRA 2 (20/04/2020)\nhisOPADO NASOFARINGEO Y OROFARINGEO => PENDIENTE\nEVOLUCION 1: Asma '),(6,'DNI','37886543','Krapp López Carlos',NULL,NULL,'959610014','2020-04-20 19:00:00',65,'M','na','na','na','na','2020-04-16 19:00:00','SOSPECHOSO','ALTA','SU CASA','MUESTRA 1 (20/04/2020)\np rapida => positivo\nMUESTRA 2 (20/04/2020)\nHISOPADO NASOFARINGEO Y OROFARINGEO => pendienTE\nEVOLUCION 1: Hipertensión'),(7,'DNI','27885409','Cornejo Cisneros Enrique',NULL,NULL,'922221151','2020-04-20 19:00:00',58,'M','na','na','na','na','2020-04-09 19:00:00','SOSPECHOSO','ALTA','SU CASA','MUESTRA 1 (20/04/2020)\nP. rapida => REACTIVO\nMUESTRA 2 (20/04/2020)\n => \n'),(8,'DNI','32224765','Ugarte Gil, Cesar',NULL,NULL,'997157333','2020-04-20 19:00:00',29,'M','na','na','na','na','2020-04-14 19:00:00','SOSPECHOSO','ALTA','SU CASA','MUESTRA 1 (20/04/2020)\nP. rapida => REACTIVO\nMUESTRA 2 (20/04/2020)\n => \n'),(9,'DNI','28447765','Krapp López Fiorella',NULL,NULL,'922221127','2020-04-20 19:00:00',72,'F','na','na','na','na','2020-04-04 19:00:00','SOSPECHOSO','ALTA','SU CASA','MUESTRA 1 (20/04/2020)\nP. rapida => Negativo\nMUESTRA 2 (20/04/2020)\nHISOPADO NASOFARINGEO Y OROFARINGEO => PENDIENTE\n'),(10,'DNI','44657839','Medina Collado, Carlos',NULL,NULL,'994311626','2020-04-20 19:00:00',80,'M','na','na','na','na','2020-04-08 19:00:00','SOSPECHOSO','ALTA','SU CASA','MUESTRA 1 (20/04/2020)\nP. rapida => Negativo\nMUESTRA 2 (20/04/2020)\nHISOPADO NASOFARINGEO Y OROFARINGEO => pendIENTE\n'),(11,'DNI','26754609','Ferrari Gabilondo, Monica',NULL,NULL,'952388777','2020-04-21 19:00:00',51,'F','na','na','na','na','2020-04-13 19:00:00','SOSPECHOSO','ALTA','SU CASA','MUESTRA 1 (21/04/2020)\np rapida => Negativo\nMUESTRA 2 (21/04/2020)\nHISOPADO NASOFARINGEO Y OROFARINGEO => pendienTE\n'),(12,'DNI','35276972','Arauco Dextre, Renzo',NULL,NULL,'941055623','2020-04-21 19:00:00',34,'M','na','na','na','na','2020-04-16 19:00:00','SOSPECHOSO','ALTA','SU CASA','MUESTRA 1 (21/04/2020)\np rapida => Negativo\nMUESTRA 2 (21/04/2020)\n => \n'),(13,'DNI','45102988','Lopez Marcovic, Carolina',NULL,NULL,'940709888','2020-04-21 19:00:00',57,'F','na','na','na','na','2020-04-09 19:00:00','SOSPECHOSO','ALTA','SU CASA','MUESTRA 1 (21/04/2020)\nP. rapida => REACTIVO\nMUESTRA 2 (21/04/2020)\n => \n'),(14,'DNI','23675678','Canalle Alzamora, Donna',NULL,NULL,'993404379','2020-04-21 19:00:00',49,'F','na','na','na','na','2020-04-14 19:00:00','SOSPECHOSO','ALTA','SU CASA','MUESTRA 1 (21/04/2020)\nP. rapida => Negativo\nMUESTRA 2 (21/04/2020)\n => \n'),(15,'DNI','31776984','Coronado Agurto, Alvaro',NULL,NULL,'991671979','2020-04-21 19:00:00',32,'M','na','na','na','na','2020-04-04 19:00:00','SOSPECHOSO','ALTA','SU CASA','MUESTRA 1 (21/04/2020)\nP. rapida => Negativo\nMUESTRA 2 (21/04/2020)\n => \n'),(16,'DNI','39871652','Veliz Rosas, Jose Carlos',NULL,NULL,'959610014','2020-04-21 19:00:00',55,'M','na','na','na','na','2020-04-08 19:00:00','SOSPECHOSO','ALTA','SU CASA','MUESTRA 1 (21/04/2020)\nP. rapida => REACTIVO\nMUESTRA 2 (21/04/2020)\nHISOPADO NASOFARINGEO Y OROFARINGEO => PENDIENTE\n'),(17,'DNI','38564680','Lopez Aranda, Arturo',NULL,NULL,'922221151','2020-04-21 19:00:00',83,'M','na','na','na','na','2020-04-13 19:00:00','SOSPECHOSO','ALTA','SU CASA','MUESTRA 1 (21/04/2020)\np rapida => Negativo\nMUESTRA 2 (21/04/2020)\n => \n'),(18,'DNI','34337865','Bueno Salas, Juan',NULL,NULL,'997157333','2020-04-21 19:00:00',91,'M','na','na','na','na','2020-04-16 19:00:00','SOSPECHOSO','ALTA','SU CASA','MUESTRA 1 (21/04/2020)\np rapida => Negativo\nMUESTRA 2 (21/04/2020)\nHISOPADO NASOFARINGEO Y OROFARINGEO => pendienTE\n'),(19,'DNI','29777651','Araoz Contreras, Talia',NULL,NULL,'922221127','2020-04-21 19:00:00',27,'F','na','na','na','na','2020-04-09 19:00:00','SOSPECHOSO','ALTA','SU CASA','MUESTRA 1 (21/04/2020)\nP. rapida => REACTIVO\nMUESTRA 2 (21/04/2020)\n => \n'),(20,'DNI','37659000','Amaro Diaz, Carlos',NULL,NULL,'994311626','2020-04-21 19:00:00',18,'M','na','na','na','na','2020-04-14 19:00:00','SOSPECHOSO','ALTA','SU CASA','MUESTRA 1 (21/04/2020)\nP. rapida => REACTIVO\nMUESTRA 2 (21/04/2020)\n => \n'),(21,'DNI','41350089','Webb','Camminati','Camille','952225612','2020-04-20 00:00:00',59,'F','na','na','na','na','2020-04-09 00:00:00','CONFIRMADO','ALTA','SU CASA','MUESTRA 1 (20/04/2020)\r\nP. rapida =&gt; Negativo\r\nMUESTRA 2 (20/04/2020)\r\nHISOPADO NASOFARINGEO Y OROFARINGEO =&gt; Negativo\r\nMUESTRA 3 (16/04/2020)\r\nP. rapida =&gt; REACTIVO\r\nEVOLUCION 1: sin factores de riesgo, solo tos y dolor de garganta'),(22,'DNI','41350089','Webb','Camminati','Camille','952225612','2020-04-20 00:00:00',59,'F','na','na','na','na','2020-04-09 00:00:00','CONFIRMADO','ALTA','SU CASA','MUESTRA 1 (20/04/2020)\r\nP. rapida =&gt; Negativo\r\nMUESTRA 2 (20/04/2020)\r\nHISOPADO NASOFARINGEO Y OROFARINGEO =&gt; Negativo\r\nMUESTRA 3 (16/04/2020)\r\nP. rapida =&gt; REACTIVO\r\nEVOLUCION 1: sin factores de riesgo, solo tos y dolor de garganta'),(23,'DNI','41350089','Webb Camminati Camille',NULL,NULL,'952388','2020-04-20 00:00:00',59,'F','na','na','na','na','2020-04-09 00:00:00','CONFIRMADO','ALTA','SU CASA','MUESTRA 1 (20/04/2020)\r\nP. rapida =&gt; Negativo\r\nMUESTRA 2 (20/04/2020)\r\nHISOPADO NASOFARINGEO Y OROFARINGEO =&gt; Negativo\r\nMUESTRA 3 (16/04/2020)\r\nP. rapida =&gt; REACTIVO\r\nEVOLUCION 1: sin factores de riesgo, solo tos y dolor de garganta'),(24,'DNI','41350089','Webb Camminati Camille',NULL,NULL,'952388777 000','2020-04-20 00:00:00',59,'F','na','na','na','na','2020-04-09 00:00:00','CONFIRMADO','ALTA','SU CASA','MUESTRA 1 (20/04/2020)\r\nP. rapida =&gt; Negativo\r\nMUESTRA 2 (20/04/2020)\r\nHISOPADO NASOFARINGEO Y OROFARINGEO =&gt; Negativo\r\nMUESTRA 3 (16/04/2020)\r\nP. rapida =&gt; REACTIVO\r\nEVOLUCION 1: sin factores de riesgo, solo tos y dolor de garganta');
/*!40000 ALTER TABLE `paciente` ENABLE KEYS */;
UNLOCK TABLES;

--
-- Table structure for table `paciente_formulario`
--

DROP TABLE IF EXISTS `paciente_formulario`;
/*!40101 SET @saved_cs_client     = @@character_set_client */;
/*!40101 SET character_set_client = utf8 */;
CREATE TABLE `paciente_formulario` (
  `id` int(11) NOT NULL AUTO_INCREMENT,
  `paciente_id` int(11) NOT NULL,
  `formulario_id` int(11) NOT NULL,
  `created_on` timestamp NOT NULL DEFAULT CURRENT_TIMESTAMP,
  `created_by` int(11) DEFAULT NULL,
  PRIMARY KEY (`id`)
) ENGINE=InnoDB AUTO_INCREMENT=12 DEFAULT CHARSET=latin1;
/*!40101 SET character_set_client = @saved_cs_client */;

--
-- Dumping data for table `paciente_formulario`
--

LOCK TABLES `paciente_formulario` WRITE;
/*!40000 ALTER TABLE `paciente_formulario` DISABLE KEYS */;
INSERT INTO `paciente_formulario` VALUES (1,1,1,'2020-04-23 04:26:40',NULL),(2,3,2,'2020-04-23 04:28:09',NULL),(3,3,1,'2020-04-23 04:28:12',NULL),(4,2,1,'2020-04-23 04:28:44',NULL),(5,2,3,'2020-04-23 04:28:57',NULL),(6,2,2,'2020-04-23 04:29:02',NULL),(7,1,2,'2020-04-23 20:33:27',1),(8,1,3,'2020-05-11 01:54:50',1),(9,1,2,'2020-05-11 01:54:57',1),(10,4,1,'2020-06-09 15:53:26',1),(11,5,1,'2020-07-03 12:34:00',1);
/*!40000 ALTER TABLE `paciente_formulario` ENABLE KEYS */;
UNLOCK TABLES;

--
-- Table structure for table `paciente_respuesta`
--

DROP TABLE IF EXISTS `paciente_respuesta`;
/*!40101 SET @saved_cs_client     = @@character_set_client */;
/*!40101 SET character_set_client = utf8 */;
CREATE TABLE `paciente_respuesta` (
  `id` int(11) NOT NULL AUTO_INCREMENT,
  `paciente_formulario_id` int(11) NOT NULL,
  `pregunta_id` int(11) NOT NULL,
  `respuesta` varchar(100) DEFAULT NULL,
  `created_on` timestamp NOT NULL DEFAULT CURRENT_TIMESTAMP,
  `created_by` int(11) DEFAULT NULL,
  PRIMARY KEY (`id`),
  UNIQUE KEY `fk_paciente_respuesta` (`paciente_formulario_id`,`pregunta_id`)
) ENGINE=InnoDB AUTO_INCREMENT=28 DEFAULT CHARSET=latin1;
/*!40101 SET character_set_client = @saved_cs_client */;

--
-- Dumping data for table `paciente_respuesta`
--

LOCK TABLES `paciente_respuesta` WRITE;
/*!40000 ALTER TABLE `paciente_respuesta` DISABLE KEYS */;
INSERT INTO `paciente_respuesta` VALUES (1,1,1,'SI','2020-04-23 04:27:28',1),(2,1,2,'NO','2020-04-23 04:27:34',1),(3,1,3,'SI','2020-04-23 04:27:35',1),(4,7,8,'SI','2020-04-23 20:33:28',NULL),(5,7,9,'SI','2020-04-23 20:33:29',NULL),(6,7,10,'SI','2020-04-23 20:33:30',NULL),(7,7,11,'SI','2020-04-23 20:33:30',NULL),(12,1,4,'SI','2020-07-03 12:26:07',1),(13,1,5,'SI','2020-07-03 12:27:07',1),(14,1,6,'SI','2020-07-03 12:27:12',1);
/*!40000 ALTER TABLE `paciente_respuesta` ENABLE KEYS */;
UNLOCK TABLES;

--
-- Table structure for table `pregunta`
--

DROP TABLE IF EXISTS `pregunta`;
/*!40101 SET @saved_cs_client     = @@character_set_client */;
/*!40101 SET character_set_client = utf8 */;
CREATE TABLE `pregunta` (
  `id` int(11) NOT NULL AUTO_INCREMENT,
  `texto` varchar(300) NOT NULL,
  `tipo` varchar(50) NOT NULL,
  PRIMARY KEY (`id`)
) ENGINE=InnoDB AUTO_INCREMENT=24 DEFAULT CHARSET=latin1;
/*!40101 SET character_set_client = @saved_cs_client */;

--
-- Dumping data for table `pregunta`
--

LOCK TABLES `pregunta` WRITE;
/*!40000 ALTER TABLE `pregunta` DISABLE KEYS */;
INSERT INTO `pregunta` VALUES (1,'¿Es Usted un profesional de la salud?','UNO'),(2,'¿Ha tenido contacto en los últimos 14 días con alguien con infección por coronavirus ya confirmada?','UNO'),(3,'¿Ha tenido contacto en los últimos 14 días con alguien que se encuentre hospitalizado con sospecha de infección por coronavirus?','UNO'),(4,'¿Ha tenido contacto en los últimos 14 días con alguien a quien le hayan hecho una prueba para confirmar infección por coronavirus y que aún está a la espera de los resultados?','UNO'),(5,'¿Tiene diabetes, presión arterial alta, obesidad, cáncer, enfermedad pulmonar crónica? Si tiene alguna de ellas, marcar SI','UNO'),(6,'¿Cuántas personas viven dentro de su domicilio?','UNO'),(7,'¿Alguna de ellas tiene diabetes, presión arterial alta, obesidad, cáncer, enfermedad pulmonar crónica? Si tiene alguna de ellas, marcar SI','UNO'),(8,'¿Tiene sensación de falta de aire o dificultad para respirar?','UNO'),(9,'¿Tiene dolor o presión de pecho?','UNO'),(10,'¿Tiene confusión o desorientación?','UNO'),(11,'¿Tiene coloración azul de los labios?','UNO'),(18,'¿Tiene dolor de garganta?','UNO'),(19,'¿Tiene tos?','UNO'),(20,'¿Ha notado desaparición del olfato o gusto?','UNO'),(21,'¿Ha tenido fiebre ayer?','UNO'),(22,'¿Ha tenido fiebre hoy?','UNO'),(23,'¿Tiene diarrea, náusea, vómitos o dolor abdominal?','UNO');
/*!40000 ALTER TABLE `pregunta` ENABLE KEYS */;
UNLOCK TABLES;

--
-- Table structure for table `usuario`
--

DROP TABLE IF EXISTS `usuario`;
/*!40101 SET @saved_cs_client     = @@character_set_client */;
/*!40101 SET character_set_client = utf8 */;
CREATE TABLE `usuario` (
  `id` int(11) NOT NULL AUTO_INCREMENT,
  `usuario` varchar(100) NOT NULL,
  `clave` varchar(200) NOT NULL,
  `cargo` varchar(50) DEFAULT NULL,
  `bloqueado` datetime DEFAULT NULL,
  `nombres` varchar(200) DEFAULT NULL,
  `apellidos` varchar(200) DEFAULT NULL,
  `direccion` varchar(200) DEFAULT NULL,
  `telefono` varchar(200) DEFAULT NULL,
  `correo` varchar(200) DEFAULT NULL,
  `documento` varchar(200) DEFAULT NULL,
  `numero_colegio` varchar(100) DEFAULT NULL,
  `anho_graduacion` date DEFAULT NULL,
  `centro_laboral` varchar(200) DEFAULT NULL,
  `horario_disponible` text,
  PRIMARY KEY (`id`)
) ENGINE=InnoDB AUTO_INCREMENT=4 DEFAULT CHARSET=latin1;
/*!40101 SET character_set_client = @saved_cs_client */;

--
-- Dumping data for table `usuario`
--

LOCK TABLES `usuario` WRITE;
/*!40000 ALTER TABLE `usuario` DISABLE KEYS */;
INSERT INTO `usuario` VALUES (1,'diego','e10adc3949ba59abbe56e057f20f883e','MEDICO',NULL,'Diego','NULL','NULL','943517610',NULL,'94351761','9435a3251561','1994-07-01','PANTEL','TODO EL DÍA'),(2,'diego2','41525af98cffe913d396c83bdd493181','Sistemas',NULL,'Diego Ricardo','Anccas Ayala','Av. Proceres de la independencia 4166','943517610',NULL,'49008351','943517610000','1994-07-11','Pantel','9-6pm'),(3,'gf','e5bb23797bfea314a3db43d07dbd6a74',NULL,NULL,'gv',NULL,NULL,NULL,NULL,NULL,NULL,NULL,NULL,NULL);
/*!40000 ALTER TABLE `usuario` ENABLE KEYS */;
UNLOCK TABLES;

--
-- Table structure for table `usuario_auditoria`
--

DROP TABLE IF EXISTS `usuario_auditoria`;
/*!40101 SET @saved_cs_client     = @@character_set_client */;
/*!40101 SET character_set_client = utf8 */;
CREATE TABLE `usuario_auditoria` (
  `id` int(11) NOT NULL AUTO_INCREMENT,
  `usuario_id` int(11) NOT NULL,
  `desde` datetime NOT NULL,
  `hasta` datetime DEFAULT NULL,
  `ultima_conexion` datetime DEFAULT NULL,
  PRIMARY KEY (`id`)
) ENGINE=InnoDB DEFAULT CHARSET=latin1;
/*!40101 SET character_set_client = @saved_cs_client */;

--
-- Dumping data for table `usuario_auditoria`
--

LOCK TABLES `usuario_auditoria` WRITE;
/*!40000 ALTER TABLE `usuario_auditoria` DISABLE KEYS */;
/*!40000 ALTER TABLE `usuario_auditoria` ENABLE KEYS */;
UNLOCK TABLES;
/*!40103 SET TIME_ZONE=@OLD_TIME_ZONE */;

/*!40101 SET SQL_MODE=@OLD_SQL_MODE */;
/*!40014 SET FOREIGN_KEY_CHECKS=@OLD_FOREIGN_KEY_CHECKS */;
/*!40014 SET UNIQUE_CHECKS=@OLD_UNIQUE_CHECKS */;
/*!40101 SET CHARACTER_SET_CLIENT=@OLD_CHARACTER_SET_CLIENT */;
/*!40101 SET CHARACTER_SET_RESULTS=@OLD_CHARACTER_SET_RESULTS */;
/*!40101 SET COLLATION_CONNECTION=@OLD_COLLATION_CONNECTION */;
/*!40111 SET SQL_NOTES=@OLD_SQL_NOTES */;

-- Dump completed on 2020-07-04  6:58:46
